MAE,RMSE,MaxError
0.026809432333892116,0.032907313502395154,0.11042594909667969
