MAE,RMSE,MaxError
0.00013662318131161922,0.00016944198712786983,0.00033828573350369595
