MAE,RMSE,MaxError
0.011437502973883596,0.013262453127669821,0.019867410257097262
