MAE,RMSE,MaxError
0.007410377627520499,0.00877551090122321,0.028801441192626953
