MAE,RMSE,MaxError
3.537724237448581e-05,3.997766271591584e-05,7.066551465639836e-05
