MAE,RMSE,MaxError
0.00031208149414243993,0.00037168556271549016,0.0011879205703735352
