MAE,RMSE,MaxError
0.00016992249307424601,0.0002142559335297206,0.00039309714587276723
