MAE,RMSE,MaxError
0.004382969479480936,0.005147603640144385,0.015465497970581055
