MAE,RMSE,MaxError
0.0003024811152807283,0.00034117429138952907,0.0005946871170542378
