MAE,RMSE,MaxError
0.001074877894379857,0.0012303072433201808,0.0022826055167316506
