MAE,RMSE,MaxError
0.0033235051179206273,0.004374981415008849,0.018214166164398193
