MAE,RMSE,MaxError
0.012995176873973852,0.014747167870950253,0.027132457085354833
