MAE,RMSE,MaxError
0.10677122931602742,0.12152978264439916,0.27612560987472534
