MAE,RMSE,MaxError
0.8608589513174059,1.0031878523769908,2.517972245356418
