MAE,RMSE,MaxError
732.5322706072456,739.759131036816,982.4499320983887
