MAE,RMSE,MaxError
745.9911613749392,753.3885897637617,996.5834934567005
