MAE,RMSE,MaxError
732.6954709284431,739.9207594585752,982.6196804046631
