MAE,RMSE,MaxError
0.0013811689583805148,0.0018777610151770303,0.009566843509674072
