MAE,RMSE,MaxError
0.0017299587875349715,0.0021306533762626405,0.004237339504515936
