MAE,RMSE,MaxError
0.0007525552372699578,0.001133135647934236,0.006317198276519775
