MAE,RMSE,MaxError
0.0065964023558091976,0.009242154731946195,0.04571425914764404
