MAE,RMSE,MaxError
0.002281609770437058,0.0043115985180254245,0.025713562965393066
