MAE,RMSE,MaxError
0.0013922346496789589,0.001734953116445913,0.0035615908367982035
