MAE,RMSE,MaxError
0.0020478812941906966,0.0023845918980922145,0.0064994096755981445
